<PAMDataset>
  <SRS>PROJCS[&quot;WGS_1984_UTM_Zone_52N&quot;,GEOGCS[&quot;GCS_WGS_1984&quot;,DATUM[&quot;WGS_1984&quot;,SPHEROID[&quot;WGS_1984&quot;,6378137.0,298.257223563]],PRIMEM[&quot;Greenwich&quot;,0.0],UNIT[&quot;Degree&quot;,0.0174532925199433]],PROJECTION[&quot;Transverse_Mercator&quot;],PARAMETER[&quot;False_Easting&quot;,500000.0],PARAMETER[&quot;False_Northing&quot;,0.0],PARAMETER[&quot;Central_Meridian&quot;,129.0],PARAMETER[&quot;Scale_Factor&quot;,0.9996],PARAMETER[&quot;Latitude_Of_Origin&quot;,0.0],UNIT[&quot;Meter&quot;,1.0]]</SRS>
  <Metadata domain="IMAGE_STRUCTURE">
    <MDI key="SOURCE_COLOR_SPACE">YCbCr</MDI>
    <MDI key="INTERLEAVE">PIXEL</MDI>
    <MDI key="COMPRESSION">JPEG</MDI>
  </Metadata>
  <Metadata domain="Esri">
    <MDI key="PyramidResamplingType">NEAREST</MDI>
  </Metadata>
</PAMDataset>
